Domain Variation,Registration Status
xzy.info,Registered
x-yz.biz,Not Registered
yz.org,Registered
xzy.xyz,Registered
x-yz.io,Not Registered
xy-z.org,Not Registered
xy.biz,Registered
xyyz.com,Registered
yxz.xyz,Registered
xy-z.net,Registered
xz.co,Registered
xz.net,Registered
xyyz.io,Not Registered
yz.info,Not Registered
xxyz.com,Registered
xz.org,Registered
xz.com,Registered
xxyz.co,Not Registered
xy.info,Not Registered
x-yz.info,Not Registered
xzy.biz,Registered
xxyz.biz,Not Registered
xz.xyz,Not Registered
xyzz.xyz,Registered
xyyz.info,Not Registered
x-yz.org,Not Registered
xyzz.org,Registered
xy.com,Registered
yxz.org,Registered
xyzz.co,Not Registered
xzy.io,Registered
xy.org,Registered
xy.xyz,Registered
xyyz.biz,Not Registered
xxyz.org,Registered
xz.biz,Registered
yxz.com,Registered
xy.co,Registered
xy.io,Registered
xzy.net,Registered
xyzz.biz,Registered
xzy.com,Registered
xyyz.org,Registered
xyzz.info,Registered
yxz.co,Not Registered
xy-z.com,Registered
yxz.biz,Registered
x-yz.xyz,Registered
xxyz.xyz,Registered
yz.net,Registered
yz.co,Registered
yz.io,Registered
xyzz.net,Registered
xzy.org,Registered
yz.xyz,Registered
x-yz.net,Registered
xz.io,Registered
xy-z.info,Registered
xxyz.net,Registered
xyyz.xyz,Registered
yxz.io,Registered
xyzz.io,Registered
xzy.co,Not Registered
xy-z.biz,Not Registered
xyyz.co,Not Registered
xz.info,Not Registered
yz.com,Registered
x-yz.com,Registered
xy-z.io,Not Registered
xxyz.info,Not Registered
xy-z.co,Registered
x-yz.co,Not Registered
xyyz.net,Registered
yxz.net,Registered
xxyz.io,Not Registered
yxz.info,Not Registered
yz.biz,Registered
xyzz.com,Registered
xy-z.xyz,Registered
xy.net,Registered
